word	nodeType	synsetCount	unit	count
able	ADJ	4	02x01_-_Follow_Mama_and_Papa	1
actual	ADJ	5	02x01_-_Follow_Mama_and_Papa	1
armed	ADJ	5	02x01_-_Follow_Mama_and_Papa	1
bad	ADJ	17	02x01_-_Follow_Mama_and_Papa	4
bored	ADJ	4	02x01_-_Follow_Mama_and_Papa	1
boring	ADJ	5	02x01_-_Follow_Mama_and_Papa	1
capable	ADJ	5	02x01_-_Follow_Mama_and_Papa	1
careful	ADJ	5	02x01_-_Follow_Mama_and_Papa	1
casual	ADJ	9	02x01_-_Follow_Mama_and_Papa	1
certain	ADJ	7	02x01_-_Follow_Mama_and_Papa	1
cool	ADJ	11	02x01_-_Follow_Mama_and_Papa	1
countless	ADJ	1	02x01_-_Follow_Mama_and_Papa	1
dangerous	ADJ	2	02x01_-_Follow_Mama_and_Papa	2
delicious	ADJ	3	02x01_-_Follow_Mama_and_Papa	2
different	ADJ	5	02x01_-_Follow_Mama_and_Papa	2
discrete	ADJ	1	02x01_-_Follow_Mama_and_Papa	1
dry	ADJ	19	02x01_-_Follow_Mama_and_Papa	1
easy	ADJ	15	02x01_-_Follow_Mama_and_Papa	1
exciting	ADJ	10	02x01_-_Follow_Mama_and_Papa	2
extra	ADJ	7	02x01_-_Follow_Mama_and_Papa	1
extreme	ADJ	6	02x01_-_Follow_Mama_and_Papa	1
faint	ADJ	8	02x01_-_Follow_Mama_and_Papa	1
fake	ADJ	8	02x01_-_Follow_Mama_and_Papa	2
fierce	ADJ	4	02x01_-_Follow_Mama_and_Papa	1
fine	ADJ	10	02x01_-_Follow_Mama_and_Papa	1
fun	ADJ	4	02x01_-_Follow_Mama_and_Papa	1
good	ADJ	27	02x01_-_Follow_Mama_and_Papa	9
great	ADJ	7	02x01_-_Follow_Mama_and_Papa	2
happy	ADJ	4	02x01_-_Follow_Mama_and_Papa	2
hectic	ADJ	1	02x01_-_Follow_Mama_and_Papa	1
high	ADJ	18	02x01_-_Follow_Mama_and_Papa	1
hopeless	ADJ	4	02x01_-_Follow_Mama_and_Papa	1
horrendous	ADJ	1	02x01_-_Follow_Mama_and_Papa	1
hungry	ADJ	2	02x01_-_Follow_Mama_and_Papa	1
important	ADJ	5	02x01_-_Follow_Mama_and_Papa	1
impressive	ADJ	2	02x01_-_Follow_Mama_and_Papa	1
infamous	ADJ	1	02x01_-_Follow_Mama_and_Papa	1
key	ADJ	21	02x01_-_Follow_Mama_and_Papa	1
lethal	ADJ	1	02x01_-_Follow_Mama_and_Papa	1
like	ADJ	11	02x01_-_Follow_Mama_and_Papa	1
little	ADJ	10	02x01_-_Follow_Mama_and_Papa	9
lone	ADJ	3	02x01_-_Follow_Mama_and_Papa	1
loose	ADJ	18	02x01_-_Follow_Mama_and_Papa	1
mad	ADJ	4	02x01_-_Follow_Mama_and_Papa	2
married	ADJ	5	02x01_-_Follow_Mama_and_Papa	1
mean	ADJ	16	02x01_-_Follow_Mama_and_Papa	1
new	ADJ	12	02x01_-_Follow_Mama_and_Papa	1
nice	ADJ	6	02x01_-_Follow_Mama_and_Papa	1
normal	ADJ	5	02x01_-_Follow_Mama_and_Papa	3
obtrusive	ADJ	2	02x01_-_Follow_Mama_and_Papa	1
odd	ADJ	6	02x01_-_Follow_Mama_and_Papa	1
olive	ADJ	6	02x01_-_Follow_Mama_and_Papa	1
original	ADJ	6	02x01_-_Follow_Mama_and_Papa	1
ostanian	ADJ	0	02x01_-_Follow_Mama_and_Papa	1
pathetic	ADJ	3	02x01_-_Follow_Mama_and_Papa	1
perfect	ADJ	5	02x01_-_Follow_Mama_and_Papa	1
personal	ADJ	6	02x01_-_Follow_Mama_and_Papa	1
pitiful	ADJ	3	02x01_-_Follow_Mama_and_Papa	1
psychic	ADJ	3	02x01_-_Follow_Mama_and_Papa	1
pufferfish	ADJ	2	02x01_-_Follow_Mama_and_Papa	2
rare	ADJ	6	02x01_-_Follow_Mama_and_Papa	1
right	ADJ	36	02x01_-_Follow_Mama_and_Papa	4
sad	ADJ	3	02x01_-_Follow_Mama_and_Papa	1
safe	ADJ	7	02x01_-_Follow_Mama_and_Papa	1
secret	ADJ	14	02x01_-_Follow_Mama_and_Papa	2
sharp	ADJ	15	02x01_-_Follow_Mama_and_Papa	1
single	ADJ	10	02x01_-_Follow_Mama_and_Papa	1
skilled	ADJ	1	02x01_-_Follow_Mama_and_Papa	1
small	ADJ	13	02x01_-_Follow_Mama_and_Papa	1
sorry	ADJ	4	02x01_-_Follow_Mama_and_Papa	5
sure	ADJ	10	02x01_-_Follow_Mama_and_Papa	3
surprising	ADJ	4	02x01_-_Follow_Mama_and_Papa	1
talented	ADJ	1	02x01_-_Follow_Mama_and_Papa	1
thick	ADJ	13	02x01_-_Follow_Mama_and_Papa	1
tingly	ADJ	0	02x01_-_Follow_Mama_and_Papa	1
tired	ADJ	6	02x01_-_Follow_Mama_and_Papa	2
toxic	ADJ	1	02x01_-_Follow_Mama_and_Papa	1
true	ADJ	15	02x01_-_Follow_Mama_and_Papa	3
unhappy	ADJ	4	02x01_-_Follow_Mama_and_Papa	1
unwell	ADJ	1	02x01_-_Follow_Mama_and_Papa	1
well	ADJ	22	02x01_-_Follow_Mama_and_Papa	6
worldwide	ADJ	3	02x01_-_Follow_Mama_and_Papa	1
worried	ADJ	8	02x01_-_Follow_Mama_and_Papa	1
wrong	ADJ	13	02x01_-_Follow_Mama_and_Papa	2
young	ADJ	14	02x01_-_Follow_Mama_and_Papa	2
able	ADJ	4	02x02_-_Bond_s_Strategy_to_Stay_Alive-Damian_s_Field_Research_Trip	2
amazing	ADJ	4	02x02_-_Bond_s_Strategy_to_Stay_Alive-Damian_s_Field_Research_Trip	1
angry	ADJ	3	02x02_-_Bond_s_Strategy_to_Stay_Alive-Damian_s_Field_Research_Trip	1
available	ADJ	3	02x02_-_Bond_s_Strategy_to_Stay_Alive-Damian_s_Field_Research_Trip	1
bad	ADJ	17	02x02_-_Bond_s_Strategy_to_Stay_Alive-Damian_s_Field_Research_Trip	3
beautiful	ADJ	2	02x02_-_Bond_s_Strategy_to_Stay_Alive-Damian_s_Field_Research_Trip	4
big	ADJ	17	02x02_-_Bond_s_Strategy_to_Stay_Alive-Damian_s_Field_Research_Trip	1
busy	ADJ	6	02x02_-_Bond_s_Strategy_to_Stay_Alive-Damian_s_Field_Research_Trip	2
careful	ADJ	5	02x02_-_Bond_s_Strategy_to_Stay_Alive-Damian_s_Field_Research_Trip	2
cold	ADJ	16	02x02_-_Bond_s_Strategy_to_Stay_Alive-Damian_s_Field_Research_Trip	1
commendable	ADJ	2	02x02_-_Bond_s_Strategy_to_Stay_Alive-Damian_s_Field_Research_Trip	1
cool	ADJ	11	02x02_-_Bond_s_Strategy_to_Stay_Alive-Damian_s_Field_Research_Trip	1
current	ADJ	4	02x02_-_Bond_s_Strategy_to_Stay_Alive-Damian_s_Field_Research_Trip	1
dead	ADJ	21	02x02_-_Bond_s_Strategy_to_Stay_Alive-Damian_s_Field_Research_Trip	1
delicious	ADJ	3	02x02_-_Bond_s_Strategy_to_Stay_Alive-Damian_s_Field_Research_Trip	2
disheveled	ADJ	2	02x02_-_Bond_s_Strategy_to_Stay_Alive-Damian_s_Field_Research_Trip	1
dry	ADJ	19	02x02_-_Bond_s_Strategy_to_Stay_Alive-Damian_s_Field_Research_Trip	1
early	ADJ	9	02x02_-_Bond_s_Strategy_to_Stay_Alive-Damian_s_Field_Research_Trip	1
efficient	ADJ	2	02x02_-_Bond_s_Strategy_to_Stay_Alive-Damian_s_Field_Research_Trip	1
elegant	ADJ	3	02x02_-_Bond_s_Strategy_to_Stay_Alive-Damian_s_Field_Research_Trip	5
famous	ADJ	1	02x02_-_Bond_s_Strategy_to_Stay_Alive-Damian_s_Field_Research_Trip	1
fancy	ADJ	6	02x02_-_Bond_s_Strategy_to_Stay_Alive-Damian_s_Field_Research_Trip	1
fast	ADJ	15	02x02_-_Bond_s_Strategy_to_Stay_Alive-Damian_s_Field_Research_Trip	1
final	ADJ	5	02x02_-_Bond_s_Strategy_to_Stay_Alive-Damian_s_Field_Research_Trip	1
fun	ADJ	4	02x02_-_Bond_s_Strategy_to_Stay_Alive-Damian_s_Field_Research_Trip	2
good	ADJ	27	02x02_-_Bond_s_Strategy_to_Stay_Alive-Damian_s_Field_Research_Trip	7
happy	ADJ	4	02x02_-_Bond_s_Strategy_to_Stay_Alive-Damian_s_Field_Research_Trip	2
healthy	ADJ	5	02x02_-_Bond_s_Strategy_to_Stay_Alive-Damian_s_Field_Research_Trip	1
helpful	ADJ	1	02x02_-_Bond_s_Strategy_to_Stay_Alive-Damian_s_Field_Research_Trip	1
hungry	ADJ	2	02x02_-_Bond_s_Strategy_to_Stay_Alive-Damian_s_Field_Research_Trip	1
idle	ADJ	10	02x02_-_Bond_s_Strategy_to_Stay_Alive-Damian_s_Field_Research_Trip	5
insane	ADJ	2	02x02_-_Bond_s_Strategy_to_Stay_Alive-Damian_s_Field_Research_Trip	1
lame	ADJ	5	02x02_-_Bond_s_Strategy_to_Stay_Alive-Damian_s_Field_Research_Trip	1
late	ADJ	11	02x02_-_Bond_s_Strategy_to_Stay_Alive-Damian_s_Field_Research_Trip	1
lazy	ADJ	2	02x02_-_Bond_s_Strategy_to_Stay_Alive-Damian_s_Field_Research_Trip	1
left	ADJ	24	02x02_-_Bond_s_Strategy_to_Stay_Alive-Damian_s_Field_Research_Trip	1
little	ADJ	10	02x02_-_Bond_s_Strategy_to_Stay_Alive-Damian_s_Field_Research_Trip	3
long	ADJ	12	02x02_-_Bond_s_Strategy_to_Stay_Alive-Damian_s_Field_Research_Trip	1
minded	ADJ	8	02x02_-_Bond_s_Strategy_to_Stay_Alive-Damian_s_Field_Research_Trip	1
new	ADJ	12	02x02_-_Bond_s_Strategy_to_Stay_Alive-Damian_s_Field_Research_Trip	2
nice	ADJ	6	02x02_-_Bond_s_Strategy_to_Stay_Alive-Damian_s_Field_Research_Trip	2
okay	ADJ	4	02x02_-_Bond_s_Strategy_to_Stay_Alive-Damian_s_Field_Research_Trip	1
outer	ADJ	13	02x02_-_Bond_s_Strategy_to_Stay_Alive-Damian_s_Field_Research_Trip	1
particular	ADJ	9	02x02_-_Bond_s_Strategy_to_Stay_Alive-Damian_s_Field_Research_Trip	1
possible	ADJ	4	02x02_-_Bond_s_Strategy_to_Stay_Alive-Damian_s_Field_Research_Trip	1
quiet	ADJ	13	02x02_-_Bond_s_Strategy_to_Stay_Alive-Damian_s_Field_Research_Trip	1
ready	ADJ	8	02x02_-_Bond_s_Strategy_to_Stay_Alive-Damian_s_Field_Research_Trip	2
right	ADJ	36	02x02_-_Bond_s_Strategy_to_Stay_Alive-Damian_s_Field_Research_Trip	6
safe	ADJ	7	02x02_-_Bond_s_Strategy_to_Stay_Alive-Damian_s_Field_Research_Trip	1
second	ADJ	15	02x02_-_Bond_s_Strategy_to_Stay_Alive-Damian_s_Field_Research_Trip	1
shallow	ADJ	6	02x02_-_Bond_s_Strategy_to_Stay_Alive-Damian_s_Field_Research_Trip	1
sick	ADJ	9	02x02_-_Bond_s_Strategy_to_Stay_Alive-Damian_s_Field_Research_Trip	1
simple	ADJ	9	02x02_-_Bond_s_Strategy_to_Stay_Alive-Damian_s_Field_Research_Trip	1
skilled	ADJ	1	02x02_-_Bond_s_Strategy_to_Stay_Alive-Damian_s_Field_Research_Trip	1
sorry	ADJ	4	02x02_-_Bond_s_Strategy_to_Stay_Alive-Damian_s_Field_Research_Trip	2
special	ADJ	10	02x02_-_Bond_s_Strategy_to_Stay_Alive-Damian_s_Field_Research_Trip	1
stray	ADJ	6	02x02_-_Bond_s_Strategy_to_Stay_Alive-Damian_s_Field_Research_Trip	1
super	ADJ	5	02x02_-_Bond_s_Strategy_to_Stay_Alive-Damian_s_Field_Research_Trip	1
sure	ADJ	10	02x02_-_Bond_s_Strategy_to_Stay_Alive-Damian_s_Field_Research_Trip	1
tasty	ADJ	1	02x02_-_Bond_s_Strategy_to_Stay_Alive-Damian_s_Field_Research_Trip	1
tight	ADJ	16	02x02_-_Bond_s_Strategy_to_Stay_Alive-Damian_s_Field_Research_Trip	1
unrefined	ADJ	2	02x02_-_Bond_s_Strategy_to_Stay_Alive-Damian_s_Field_Research_Trip	1
warm	ADJ	13	02x02_-_Bond_s_Strategy_to_Stay_Alive-Damian_s_Field_Research_Trip	1
well	ADJ	22	02x02_-_Bond_s_Strategy_to_Stay_Alive-Damian_s_Field_Research_Trip	1
wet	ADJ	9	02x02_-_Bond_s_Strategy_to_Stay_Alive-Damian_s_Field_Research_Trip	1
wonderful	ADJ	1	02x02_-_Bond_s_Strategy_to_Stay_Alive-Damian_s_Field_Research_Trip	3
worried	ADJ	8	02x02_-_Bond_s_Strategy_to_Stay_Alive-Damian_s_Field_Research_Trip	1
young	ADJ	14	02x02_-_Bond_s_Strategy_to_Stay_Alive-Damian_s_Field_Research_Trip	3
yummy	ADJ	1	02x02_-_Bond_s_Strategy_to_Stay_Alive-Damian_s_Field_Research_Trip	1
amazing	ADJ	4	02x03_-_Mission_and_Family-The_Elegant_Bondman-The_Heart_of_a_Child	1
anti	ADJ	2	02x03_-_Mission_and_Family-The_Elegant_Bondman-The_Heart_of_a_Child	1
awake	ADJ	3	02x03_-_Mission_and_Family-The_Elegant_Bondman-The_Heart_of_a_Child	1
aware	ADJ	2	02x03_-_Mission_and_Family-The_Elegant_Bondman-The_Heart_of_a_Child	1
bad	ADJ	17	02x03_-_Mission_and_Family-The_Elegant_Bondman-The_Heart_of_a_Child	1
beautiful	ADJ	2	02x03_-_Mission_and_Family-The_Elegant_Bondman-The_Heart_of_a_Child	1
beloved	ADJ	2	02x03_-_Mission_and_Family-The_Elegant_Bondman-The_Heart_of_a_Child	1
big	ADJ	17	02x03_-_Mission_and_Family-The_Elegant_Bondman-The_Heart_of_a_Child	1
boring	ADJ	5	02x03_-_Mission_and_Family-The_Elegant_Bondman-The_Heart_of_a_Child	1
central	ADJ	3	02x03_-_Mission_and_Family-The_Elegant_Bondman-The_Heart_of_a_Child	1
clever	ADJ	3	02x03_-_Mission_and_Family-The_Elegant_Bondman-The_Heart_of_a_Child	1
cool	ADJ	11	02x03_-_Mission_and_Family-The_Elegant_Bondman-The_Heart_of_a_Child	2
correct	ADJ	12	02x03_-_Mission_and_Family-The_Elegant_Bondman-The_Heart_of_a_Child	1
courteous	ADJ	2	02x03_-_Mission_and_Family-The_Elegant_Bondman-The_Heart_of_a_Child	1
dangerous	ADJ	2	02x03_-_Mission_and_Family-The_Elegant_Bondman-The_Heart_of_a_Child	1
delicious	ADJ	3	02x03_-_Mission_and_Family-The_Elegant_Bondman-The_Heart_of_a_Child	1
destitute	ADJ	2	02x03_-_Mission_and_Family-The_Elegant_Bondman-The_Heart_of_a_Child	1
dictatorial	ADJ	3	02x03_-_Mission_and_Family-The_Elegant_Bondman-The_Heart_of_a_Child	1
elegant	ADJ	3	02x03_-_Mission_and_Family-The_Elegant_Bondman-The_Heart_of_a_Child	1
entertaining	ADJ	4	02x03_-_Mission_and_Family-The_Elegant_Bondman-The_Heart_of_a_Child	1
exhausted	ADJ	8	02x03_-_Mission_and_Family-The_Elegant_Bondman-The_Heart_of_a_Child	1
extremist	ADJ	2	02x03_-_Mission_and_Family-The_Elegant_Bondman-The_Heart_of_a_Child	1
fellow	ADJ	7	02x03_-_Mission_and_Family-The_Elegant_Bondman-The_Heart_of_a_Child	1
female	ADJ	5	02x03_-_Mission_and_Family-The_Elegant_Bondman-The_Heart_of_a_Child	1
firm	ADJ	14	02x03_-_Mission_and_Family-The_Elegant_Bondman-The_Heart_of_a_Child	1
following	ADJ	30	02x03_-_Mission_and_Family-The_Elegant_Bondman-The_Heart_of_a_Child	1
fun	ADJ	4	02x03_-_Mission_and_Family-The_Elegant_Bondman-The_Heart_of_a_Child	1
futile	ADJ	2	02x03_-_Mission_and_Family-The_Elegant_Bondman-The_Heart_of_a_Child	1
gentlemanly	ADJ	1	02x03_-_Mission_and_Family-The_Elegant_Bondman-The_Heart_of_a_Child	2
glad	ADJ	5	02x03_-_Mission_and_Family-The_Elegant_Bondman-The_Heart_of_a_Child	2
good	ADJ	27	02x03_-_Mission_and_Family-The_Elegant_Bondman-The_Heart_of_a_Child	5
government	ADJ	4	02x03_-_Mission_and_Family-The_Elegant_Bondman-The_Heart_of_a_Child	1
great	ADJ	7	02x03_-_Mission_and_Family-The_Elegant_Bondman-The_Heart_of_a_Child	1
happy	ADJ	4	02x03_-_Mission_and_Family-The_Elegant_Bondman-The_Heart_of_a_Child	1
hard	ADJ	22	02x03_-_Mission_and_Family-The_Elegant_Bondman-The_Heart_of_a_Child	1
hefty	ADJ	3	02x03_-_Mission_and_Family-The_Elegant_Bondman-The_Heart_of_a_Child	1
hostile	ADJ	6	02x03_-_Mission_and_Family-The_Elegant_Bondman-The_Heart_of_a_Child	1
indefensible	ADJ	3	02x03_-_Mission_and_Family-The_Elegant_Bondman-The_Heart_of_a_Child	1
inevitable	ADJ	3	02x03_-_Mission_and_Family-The_Elegant_Bondman-The_Heart_of_a_Child	1
jealous	ADJ	2	02x03_-_Mission_and_Family-The_Elegant_Bondman-The_Heart_of_a_Child	1
kind	ADJ	4	02x03_-_Mission_and_Family-The_Elegant_Bondman-The_Heart_of_a_Child	1
late	ADJ	11	02x03_-_Mission_and_Family-The_Elegant_Bondman-The_Heart_of_a_Child	2
little	ADJ	10	02x03_-_Mission_and_Family-The_Elegant_Bondman-The_Heart_of_a_Child	2
lovely	ADJ	3	02x03_-_Mission_and_Family-The_Elegant_Bondman-The_Heart_of_a_Child	1
lovey	ADJ	0	02x03_-_Mission_and_Family-The_Elegant_Bondman-The_Heart_of_a_Child	1
mere	ADJ	3	02x03_-_Mission_and_Family-The_Elegant_Bondman-The_Heart_of_a_Child	1
miserable	ADJ	6	02x03_-_Mission_and_Family-The_Elegant_Bondman-The_Heart_of_a_Child	1
mysterious	ADJ	2	02x03_-_Mission_and_Family-The_Elegant_Bondman-The_Heart_of_a_Child	1
necessary	ADJ	3	02x03_-_Mission_and_Family-The_Elegant_Bondman-The_Heart_of_a_Child	1
nice	ADJ	6	02x03_-_Mission_and_Family-The_Elegant_Bondman-The_Heart_of_a_Child	1
notable	ADJ	3	02x03_-_Mission_and_Family-The_Elegant_Bondman-The_Heart_of_a_Child	1
okay	ADJ	4	02x03_-_Mission_and_Family-The_Elegant_Bondman-The_Heart_of_a_Child	1
old	ADJ	9	02x03_-_Mission_and_Family-The_Elegant_Bondman-The_Heart_of_a_Child	3
original	ADJ	6	02x03_-_Mission_and_Family-The_Elegant_Bondman-The_Heart_of_a_Child	1
past	ADJ	6	02x03_-_Mission_and_Family-The_Elegant_Bondman-The_Heart_of_a_Child	1
pitiful	ADJ	3	02x03_-_Mission_and_Family-The_Elegant_Bondman-The_Heart_of_a_Child	2
polar	ADJ	6	02x03_-_Mission_and_Family-The_Elegant_Bondman-The_Heart_of_a_Child	2
public	ADJ	4	02x03_-_Mission_and_Family-The_Elegant_Bondman-The_Heart_of_a_Child	1
ready	ADJ	8	02x03_-_Mission_and_Family-The_Elegant_Bondman-The_Heart_of_a_Child	1
real	ADJ	13	02x03_-_Mission_and_Family-The_Elegant_Bondman-The_Heart_of_a_Child	1
relieved	ADJ	13	02x03_-_Mission_and_Family-The_Elegant_Bondman-The_Heart_of_a_Child	1
rid	ADJ	1	02x03_-_Mission_and_Family-The_Elegant_Bondman-The_Heart_of_a_Child	1
ridiculous	ADJ	3	02x03_-_Mission_and_Family-The_Elegant_Bondman-The_Heart_of_a_Child	1
right	ADJ	36	02x03_-_Mission_and_Family-The_Elegant_Bondman-The_Heart_of_a_Child	1
safe	ADJ	7	02x03_-_Mission_and_Family-The_Elegant_Bondman-The_Heart_of_a_Child	1
set	ADJ	45	02x03_-_Mission_and_Family-The_Elegant_Bondman-The_Heart_of_a_Child	2
shiny	ADJ	3	02x03_-_Mission_and_Family-The_Elegant_Bondman-The_Heart_of_a_Child	1
sick	ADJ	9	02x03_-_Mission_and_Family-The_Elegant_Bondman-The_Heart_of_a_Child	1
silver	ADJ	12	02x03_-_Mission_and_Family-The_Elegant_Bondman-The_Heart_of_a_Child	1
skilled	ADJ	1	02x03_-_Mission_and_Family-The_Elegant_Bondman-The_Heart_of_a_Child	1
sophisticated	ADJ	7	02x03_-_Mission_and_Family-The_Elegant_Bondman-The_Heart_of_a_Child	1
stingy	ADJ	2	02x03_-_Mission_and_Family-The_Elegant_Bondman-The_Heart_of_a_Child	1
stupid	ADJ	4	02x03_-_Mission_and_Family-The_Elegant_Bondman-The_Heart_of_a_Child	1
subject	ADJ	15	02x03_-_Mission_and_Family-The_Elegant_Bondman-The_Heart_of_a_Child	2
sudden	ADJ	1	02x03_-_Mission_and_Family-The_Elegant_Bondman-The_Heart_of_a_Child	1
sure	ADJ	10	02x03_-_Mission_and_Family-The_Elegant_Bondman-The_Heart_of_a_Child	3
suspicious	ADJ	2	02x03_-_Mission_and_Family-The_Elegant_Bondman-The_Heart_of_a_Child	1
thorough	ADJ	2	02x03_-_Mission_and_Family-The_Elegant_Bondman-The_Heart_of_a_Child	1
tough	ADJ	12	02x03_-_Mission_and_Family-The_Elegant_Bondman-The_Heart_of_a_Child	1
underground	ADJ	6	02x03_-_Mission_and_Family-The_Elegant_Bondman-The_Heart_of_a_Child	2
unpaid	ADJ	3	02x03_-_Mission_and_Family-The_Elegant_Bondman-The_Heart_of_a_Child	1
usual	ADJ	2	02x03_-_Mission_and_Family-The_Elegant_Bondman-The_Heart_of_a_Child	1
vulgar	ADJ	4	02x03_-_Mission_and_Family-The_Elegant_Bondman-The_Heart_of_a_Child	1
well	ADJ	22	02x03_-_Mission_and_Family-The_Elegant_Bondman-The_Heart_of_a_Child	1
worthwhile	ADJ	1	02x03_-_Mission_and_Family-The_Elegant_Bondman-The_Heart_of_a_Child	1
wrong	ADJ	13	02x03_-_Mission_and_Family-The_Elegant_Bondman-The_Heart_of_a_Child	2
academic	ADJ	4	02x04_-_The_Pastry_of_Knowledge-The_Informant_s_Great_Romance_Plan_II	2
adamant	ADJ	2	02x04_-_The_Pastry_of_Knowledge-The_Informant_s_Great_Romance_Plan_II	1
amazing	ADJ	4	02x04_-_The_Pastry_of_Knowledge-The_Informant_s_Great_Romance_Plan_II	1
annoying	ADJ	3	02x04_-_The_Pastry_of_Knowledge-The_Informant_s_Great_Romance_Plan_II	1
available	ADJ	3	02x04_-_The_Pastry_of_Knowledge-The_Informant_s_Great_Romance_Plan_II	1
bad	ADJ	17	02x04_-_The_Pastry_of_Knowledge-The_Informant_s_Great_Romance_Plan_II	1
big	ADJ	17	02x04_-_The_Pastry_of_Knowledge-The_Informant_s_Great_Romance_Plan_II	2
bleak	ADJ	3	02x04_-_The_Pastry_of_Knowledge-The_Informant_s_Great_Romance_Plan_II	1
broad	ADJ	9	02x04_-_The_Pastry_of_Knowledge-The_Informant_s_Great_Romance_Plan_II	1
careful	ADJ	5	02x04_-_The_Pastry_of_Knowledge-The_Informant_s_Great_Romance_Plan_II	1
cautious	ADJ	3	02x04_-_The_Pastry_of_Knowledge-The_Informant_s_Great_Romance_Plan_II	1
certain	ADJ	7	02x04_-_The_Pastry_of_Knowledge-The_Informant_s_Great_Romance_Plan_II	1
classical	ADJ	6	02x04_-_The_Pastry_of_Knowledge-The_Informant_s_Great_Romance_Plan_II	3
close	ADJ	37	02x04_-_The_Pastry_of_Knowledge-The_Informant_s_Great_Romance_Plan_II	2
cold	ADJ	16	02x04_-_The_Pastry_of_Knowledge-The_Informant_s_Great_Romance_Plan_II	1
cool	ADJ	11	02x04_-_The_Pastry_of_Knowledge-The_Informant_s_Great_Romance_Plan_II	1
dangerous	ADJ	2	02x04_-_The_Pastry_of_Knowledge-The_Informant_s_Great_Romance_Plan_II	1
decent	ADJ	7	02x04_-_The_Pastry_of_Knowledge-The_Informant_s_Great_Romance_Plan_II	1
delicious	ADJ	3	02x04_-_The_Pastry_of_Knowledge-The_Informant_s_Great_Romance_Plan_II	3
desperate	ADJ	7	02x04_-_The_Pastry_of_Knowledge-The_Informant_s_Great_Romance_Plan_II	2
dirty	ADJ	13	02x04_-_The_Pastry_of_Knowledge-The_Informant_s_Great_Romance_Plan_II	1
dumb	ADJ	4	02x04_-_The_Pastry_of_Knowledge-The_Informant_s_Great_Romance_Plan_II	2
easy	ADJ	15	02x04_-_The_Pastry_of_Knowledge-The_Informant_s_Great_Romance_Plan_II	1
embarrassing	ADJ	4	02x04_-_The_Pastry_of_Knowledge-The_Informant_s_Great_Romance_Plan_II	1
entire	ADJ	5	02x04_-_The_Pastry_of_Knowledge-The_Informant_s_Great_Romance_Plan_II	1
excited	ADJ	12	02x04_-_The_Pastry_of_Knowledge-The_Informant_s_Great_Romance_Plan_II	1
exciting	ADJ	10	02x04_-_The_Pastry_of_Knowledge-The_Informant_s_Great_Romance_Plan_II	1
exquisite	ADJ	4	02x04_-_The_Pastry_of_Knowledge-The_Informant_s_Great_Romance_Plan_II	1
extra	ADJ	7	02x04_-_The_Pastry_of_Knowledge-The_Informant_s_Great_Romance_Plan_II	1
fake	ADJ	8	02x04_-_The_Pastry_of_Knowledge-The_Informant_s_Great_Romance_Plan_II	1
favorite	ADJ	5	02x04_-_The_Pastry_of_Knowledge-The_Informant_s_Great_Romance_Plan_II	1
female	ADJ	5	02x04_-_The_Pastry_of_Knowledge-The_Informant_s_Great_Romance_Plan_II	1
fierce	ADJ	4	02x04_-_The_Pastry_of_Knowledge-The_Informant_s_Great_Romance_Plan_II	1
free	ADJ	22	02x04_-_The_Pastry_of_Knowledge-The_Informant_s_Great_Romance_Plan_II	1
glad	ADJ	5	02x04_-_The_Pastry_of_Knowledge-The_Informant_s_Great_Romance_Plan_II	1
good	ADJ	27	02x04_-_The_Pastry_of_Knowledge-The_Informant_s_Great_Romance_Plan_II	7
gray	ADJ	15	02x04_-_The_Pastry_of_Knowledge-The_Informant_s_Great_Romance_Plan_II	1
great	ADJ	7	02x04_-_The_Pastry_of_Knowledge-The_Informant_s_Great_Romance_Plan_II	1
happy	ADJ	4	02x04_-_The_Pastry_of_Knowledge-The_Informant_s_Great_Romance_Plan_II	3
hard	ADJ	22	02x04_-_The_Pastry_of_Knowledge-The_Informant_s_Great_Romance_Plan_II	1
hearted	ADJ	0	02x04_-_The_Pastry_of_Knowledge-The_Informant_s_Great_Romance_Plan_II	1
high	ADJ	18	02x04_-_The_Pastry_of_Knowledge-The_Informant_s_Great_Romance_Plan_II	1
identical	ADJ	5	02x04_-_The_Pastry_of_Knowledge-The_Informant_s_Great_Romance_Plan_II	1
idiot	ADJ	1	02x04_-_The_Pastry_of_Knowledge-The_Informant_s_Great_Romance_Plan_II	5
laborious	ADJ	1	02x04_-_The_Pastry_of_Knowledge-The_Informant_s_Great_Romance_Plan_II	1
lame	ADJ	5	02x04_-_The_Pastry_of_Knowledge-The_Informant_s_Great_Romance_Plan_II	1
left	ADJ	24	02x04_-_The_Pastry_of_Knowledge-The_Informant_s_Great_Romance_Plan_II	1
legendary	ADJ	2	02x04_-_The_Pastry_of_Knowledge-The_Informant_s_Great_Romance_Plan_II	1
limited	ADJ	11	02x04_-_The_Pastry_of_Knowledge-The_Informant_s_Great_Romance_Plan_II	1
little	ADJ	10	02x04_-_The_Pastry_of_Knowledge-The_Informant_s_Great_Romance_Plan_II	7
long	ADJ	12	02x04_-_The_Pastry_of_Knowledge-The_Informant_s_Great_Romance_Plan_II	1
lost	ADJ	21	02x04_-_The_Pastry_of_Knowledge-The_Informant_s_Great_Romance_Plan_II	1
lovely	ADJ	3	02x04_-_The_Pastry_of_Knowledge-The_Informant_s_Great_Romance_Plan_II	1
lucky	ADJ	3	02x04_-_The_Pastry_of_Knowledge-The_Informant_s_Great_Romance_Plan_II	1
mad	ADJ	4	02x04_-_The_Pastry_of_Knowledge-The_Informant_s_Great_Romance_Plan_II	1
military	ADJ	4	02x04_-_The_Pastry_of_Knowledge-The_Informant_s_Great_Romance_Plan_II	1
mysterious	ADJ	2	02x04_-_The_Pastry_of_Knowledge-The_Informant_s_Great_Romance_Plan_II	1
new	ADJ	12	02x04_-_The_Pastry_of_Knowledge-The_Informant_s_Great_Romance_Plan_II	4
nice	ADJ	6	02x04_-_The_Pastry_of_Knowledge-The_Informant_s_Great_Romance_Plan_II	1
normal	ADJ	5	02x04_-_The_Pastry_of_Knowledge-The_Informant_s_Great_Romance_Plan_II	3
old	ADJ	9	02x04_-_The_Pastry_of_Knowledge-The_Informant_s_Great_Romance_Plan_II	1
open	ADJ	36	02x04_-_The_Pastry_of_Knowledge-The_Informant_s_Great_Romance_Plan_II	1
original	ADJ	6	02x04_-_The_Pastry_of_Knowledge-The_Informant_s_Great_Romance_Plan_II	1
paramilitary	ADJ	2	02x04_-_The_Pastry_of_Knowledge-The_Informant_s_Great_Romance_Plan_II	1
phantom	ADJ	3	02x04_-_The_Pastry_of_Knowledge-The_Informant_s_Great_Romance_Plan_II	1
phenomenal	ADJ	2	02x04_-_The_Pastry_of_Knowledge-The_Informant_s_Great_Romance_Plan_II	1
physical	ADJ	7	02x04_-_The_Pastry_of_Knowledge-The_Informant_s_Great_Romance_Plan_II	1
rich	ADJ	13	02x04_-_The_Pastry_of_Knowledge-The_Informant_s_Great_Romance_Plan_II	1
ridiculous	ADJ	3	02x04_-_The_Pastry_of_Knowledge-The_Informant_s_Great_Romance_Plan_II	1
right	ADJ	36	02x04_-_The_Pastry_of_Knowledge-The_Informant_s_Great_Romance_Plan_II	4
royal	ADJ	7	02x04_-_The_Pastry_of_Knowledge-The_Informant_s_Great_Romance_Plan_II	2
rude	ADJ	5	02x04_-_The_Pastry_of_Knowledge-The_Informant_s_Great_Romance_Plan_II	1
sad	ADJ	3	02x04_-_The_Pastry_of_Knowledge-The_Informant_s_Great_Romance_Plan_II	1
safe	ADJ	7	02x04_-_The_Pastry_of_Knowledge-The_Informant_s_Great_Romance_Plan_II	1
sarcastic	ADJ	1	02x04_-_The_Pastry_of_Knowledge-The_Informant_s_Great_Romance_Plan_II	1
separate	ADJ	19	02x04_-_The_Pastry_of_Knowledge-The_Informant_s_Great_Romance_Plan_II	1
simple	ADJ	9	02x04_-_The_Pastry_of_Knowledge-The_Informant_s_Great_Romance_Plan_II	1
smart	ADJ	9	02x04_-_The_Pastry_of_Knowledge-The_Informant_s_Great_Romance_Plan_II	1
soft	ADJ	20	02x04_-_The_Pastry_of_Knowledge-The_Informant_s_Great_Romance_Plan_II	2
sorry	ADJ	4	02x04_-_The_Pastry_of_Knowledge-The_Informant_s_Great_Romance_Plan_II	1
special	ADJ	10	02x04_-_The_Pastry_of_Knowledge-The_Informant_s_Great_Romance_Plan_II	1
strong	ADJ	10	02x04_-_The_Pastry_of_Knowledge-The_Informant_s_Great_Romance_Plan_II	1
stupid	ADJ	4	02x04_-_The_Pastry_of_Knowledge-The_Informant_s_Great_Romance_Plan_II	1
sure	ADJ	10	02x04_-_The_Pastry_of_Knowledge-The_Informant_s_Great_Romance_Plan_II	2
talented	ADJ	1	02x04_-_The_Pastry_of_Knowledge-The_Informant_s_Great_Romance_Plan_II	1
tough	ADJ	12	02x04_-_The_Pastry_of_Knowledge-The_Informant_s_Great_Romance_Plan_II	1
true	ADJ	15	02x04_-_The_Pastry_of_Knowledge-The_Informant_s_Great_Romance_Plan_II	2
ultimate	ADJ	3	02x04_-_The_Pastry_of_Knowledge-The_Informant_s_Great_Romance_Plan_II	1
unofficial	ADJ	2	02x04_-_The_Pastry_of_Knowledge-The_Informant_s_Great_Romance_Plan_II	1
urban	ADJ	2	02x04_-_The_Pastry_of_Knowledge-The_Informant_s_Great_Romance_Plan_II	1
well	ADJ	22	02x04_-_The_Pastry_of_Knowledge-The_Informant_s_Great_Romance_Plan_II	2
worried	ADJ	8	02x04_-_The_Pastry_of_Knowledge-The_Informant_s_Great_Romance_Plan_II	1
worth	ADJ	5	02x04_-_The_Pastry_of_Knowledge-The_Informant_s_Great_Romance_Plan_II	1
able	ADJ	4	02x05_-_Plan_to_Cross_the_Border	4
actual	ADJ	5	02x05_-_Plan_to_Cross_the_Border	1
amazing	ADJ	4	02x05_-_Plan_to_Cross_the_Border	2
available	ADJ	3	02x05_-_Plan_to_Cross_the_Border	1
aware	ADJ	2	02x05_-_Plan_to_Cross_the_Border	1
bad	ADJ	17	02x05_-_Plan_to_Cross_the_Border	2
beautiful	ADJ	2	02x05_-_Plan_to_Cross_the_Border	2
biannual	ADJ	1	02x05_-_Plan_to_Cross_the_Border	1
big	ADJ	17	02x05_-_Plan_to_Cross_the_Border	2
blank	ADJ	8	02x05_-_Plan_to_Cross_the_Border	1
bogus	ADJ	1	02x05_-_Plan_to_Cross_the_Border	1
brave	ADJ	6	02x05_-_Plan_to_Cross_the_Border	2
calm	ADJ	8	02x05_-_Plan_to_Cross_the_Border	1
careful	ADJ	5	02x05_-_Plan_to_Cross_the_Border	2
certain	ADJ	7	02x05_-_Plan_to_Cross_the_Border	1
clear	ADJ	45	02x05_-_Plan_to_Cross_the_Border	1
cold	ADJ	16	02x05_-_Plan_to_Cross_the_Border	1
concerned	ADJ	5	02x05_-_Plan_to_Cross_the_Border	1
correct	ADJ	12	02x05_-_Plan_to_Cross_the_Border	1
delicious	ADJ	3	02x05_-_Plan_to_Cross_the_Border	1
dependent	ADJ	7	02x05_-_Plan_to_Cross_the_Border	1
different	ADJ	5	02x05_-_Plan_to_Cross_the_Border	1
difficult	ADJ	2	02x05_-_Plan_to_Cross_the_Border	2
excited	ADJ	12	02x05_-_Plan_to_Cross_the_Border	2
fair	ADJ	17	02x05_-_Plan_to_Cross_the_Border	1
famous	ADJ	1	02x05_-_Plan_to_Cross_the_Border	2
fearsome	ADJ	1	02x05_-_Plan_to_Cross_the_Border	1
female	ADJ	5	02x05_-_Plan_to_Cross_the_Border	1
foreign	ADJ	4	02x05_-_Plan_to_Cross_the_Border	1
frail	ADJ	5	02x05_-_Plan_to_Cross_the_Border	1
free	ADJ	22	02x05_-_Plan_to_Cross_the_Border	2
friendly	ADJ	5	02x05_-_Plan_to_Cross_the_Border	1
funny	ADJ	5	02x05_-_Plan_to_Cross_the_Border	1
good	ADJ	27	02x05_-_Plan_to_Cross_the_Border	8
grand	ADJ	10	02x05_-_Plan_to_Cross_the_Border	7
great	ADJ	7	02x05_-_Plan_to_Cross_the_Border	2
hard	ADJ	22	02x05_-_Plan_to_Cross_the_Border	1
hidden	ADJ	7	02x05_-_Plan_to_Cross_the_Border	1
honest	ADJ	7	02x05_-_Plan_to_Cross_the_Border	1
honorable	ADJ	4	02x05_-_Plan_to_Cross_the_Border	1
huge	ADJ	1	02x05_-_Plan_to_Cross_the_Border	1
important	ADJ	5	02x05_-_Plan_to_Cross_the_Border	1
indebted	ADJ	2	02x05_-_Plan_to_Cross_the_Border	1
interested	ADJ	5	02x05_-_Plan_to_Cross_the_Border	1
internal	ADJ	5	02x05_-_Plan_to_Cross_the_Border	1
large	ADJ	11	02x05_-_Plan_to_Cross_the_Border	1
little	ADJ	10	02x05_-_Plan_to_Cross_the_Border	7
long	ADJ	12	02x05_-_Plan_to_Cross_the_Border	1
luxurious	ADJ	2	02x05_-_Plan_to_Cross_the_Border	1
main	ADJ	5	02x05_-_Plan_to_Cross_the_Border	1
mega	ADJ	0	02x05_-_Plan_to_Cross_the_Border	1
meticulous	ADJ	2	02x05_-_Plan_to_Cross_the_Border	1
new	ADJ	12	02x05_-_Plan_to_Cross_the_Border	1
nice	ADJ	6	02x05_-_Plan_to_Cross_the_Border	3
numerous	ADJ	1	02x05_-_Plan_to_Cross_the_Border	1
offshore	ADJ	3	02x05_-_Plan_to_Cross_the_Border	1
okay	ADJ	4	02x05_-_Plan_to_Cross_the_Border	4
old	ADJ	9	02x05_-_Plan_to_Cross_the_Border	1
original	ADJ	6	02x05_-_Plan_to_Cross_the_Border	1
outside	ADJ	14	02x05_-_Plan_to_Cross_the_Border	1
picky	ADJ	1	02x05_-_Plan_to_Cross_the_Border	1
political	ADJ	3	02x05_-_Plan_to_Cross_the_Border	1
possible	ADJ	4	02x05_-_Plan_to_Cross_the_Border	1
proper	ADJ	4	02x05_-_Plan_to_Cross_the_Border	1
quiet	ADJ	13	02x05_-_Plan_to_Cross_the_Border	1
real	ADJ	13	02x05_-_Plan_to_Cross_the_Border	1
reassuring	ADJ	3	02x05_-_Plan_to_Cross_the_Border	1
recent	ADJ	3	02x05_-_Plan_to_Cross_the_Border	1
relaxing	ADJ	9	02x05_-_Plan_to_Cross_the_Border	1
right	ADJ	36	02x05_-_Plan_to_Cross_the_Border	11
sad	ADJ	3	02x05_-_Plan_to_Cross_the_Border	1
safe	ADJ	7	02x05_-_Plan_to_Cross_the_Border	1
scrubby	ADJ	2	02x05_-_Plan_to_Cross_the_Border	2
seventh	ADJ	4	02x05_-_Plan_to_Cross_the_Border	1
short	ADJ	23	02x05_-_Plan_to_Cross_the_Border	1
sixth	ADJ	4	02x05_-_Plan_to_Cross_the_Border	1
sorry	ADJ	4	02x05_-_Plan_to_Cross_the_Border	6
strong	ADJ	10	02x05_-_Plan_to_Cross_the_Border	1
sure	ADJ	10	02x05_-_Plan_to_Cross_the_Border	5
suspicious	ADJ	2	02x05_-_Plan_to_Cross_the_Border	2
thin	ADJ	13	02x05_-_Plan_to_Cross_the_Border	1
tired	ADJ	6	02x05_-_Plan_to_Cross_the_Border	1
true	ADJ	15	02x05_-_Plan_to_Cross_the_Border	3
unnoticed	ADJ	1	02x05_-_Plan_to_Cross_the_Border	1
urban	ADJ	2	02x05_-_Plan_to_Cross_the_Border	1
vibrant	ADJ	3	02x05_-_Plan_to_Cross_the_Border	1
well	ADJ	22	02x05_-_Plan_to_Cross_the_Border	1
wonderful	ADJ	1	02x05_-_Plan_to_Cross_the_Border	1
worried	ADJ	8	02x05_-_Plan_to_Cross_the_Border	1
wrong	ADJ	13	02x05_-_Plan_to_Cross_the_Border	3
able	ADJ	4	02x06_-_The_Fearsome_Luxury_Cruise_Ship	3
aware	ADJ	2	02x06_-_The_Fearsome_Luxury_Cruise_Ship	1
bad	ADJ	17	02x06_-_The_Fearsome_Luxury_Cruise_Ship	1
big	ADJ	17	02x06_-_The_Fearsome_Luxury_Cruise_Ship	1
black	ADJ	22	02x06_-_The_Fearsome_Luxury_Cruise_Ship	2
blind	ADJ	10	02x06_-_The_Fearsome_Luxury_Cruise_Ship	1
blonde	ADJ	3	02x06_-_The_Fearsome_Luxury_Cruise_Ship	1
boorish	ADJ	1	02x06_-_The_Fearsome_Luxury_Cruise_Ship	1
cheerful	ADJ	2	02x06_-_The_Fearsome_Luxury_Cruise_Ship	1
close	ADJ	37	02x06_-_The_Fearsome_Luxury_Cruise_Ship	2
clumsy	ADJ	4	02x06_-_The_Fearsome_Luxury_Cruise_Ship	1
complete	ADJ	10	02x06_-_The_Fearsome_Luxury_Cruise_Ship	1
constant	ADJ	5	02x06_-_The_Fearsome_Luxury_Cruise_Ship	1
correct	ADJ	12	02x06_-_The_Fearsome_Luxury_Cruise_Ship	1
crucial	ADJ	3	02x06_-_The_Fearsome_Luxury_Cruise_Ship	1
cute	ADJ	2	02x06_-_The_Fearsome_Luxury_Cruise_Ship	1
damn	ADJ	5	02x06_-_The_Fearsome_Luxury_Cruise_Ship	1
delicious	ADJ	3	02x06_-_The_Fearsome_Luxury_Cruise_Ship	4
different	ADJ	5	02x06_-_The_Fearsome_Luxury_Cruise_Ship	1
easy	ADJ	15	02x06_-_The_Fearsome_Luxury_Cruise_Ship	1
entertaining	ADJ	4	02x06_-_The_Fearsome_Luxury_Cruise_Ship	1
entire	ADJ	5	02x06_-_The_Fearsome_Luxury_Cruise_Ship	1
excited	ADJ	12	02x06_-_The_Fearsome_Luxury_Cruise_Ship	1
exciting	ADJ	10	02x06_-_The_Fearsome_Luxury_Cruise_Ship	1
extravagant	ADJ	2	02x06_-_The_Fearsome_Luxury_Cruise_Ship	1
fast	ADJ	15	02x06_-_The_Fearsome_Luxury_Cruise_Ship	1
fearsome	ADJ	1	02x06_-_The_Fearsome_Luxury_Cruise_Ship	1
female	ADJ	5	02x06_-_The_Fearsome_Luxury_Cruise_Ship	2
fitting	ADJ	15	02x06_-_The_Fearsome_Luxury_Cruise_Ship	1
fun	ADJ	4	02x06_-_The_Fearsome_Luxury_Cruise_Ship	2
good	ADJ	27	02x06_-_The_Fearsome_Luxury_Cruise_Ship	6
great	ADJ	7	02x06_-_The_Fearsome_Luxury_Cruise_Ship	1
haired	ADJ	1	02x06_-_The_Fearsome_Luxury_Cruise_Ship	2
hungry	ADJ	2	02x06_-_The_Fearsome_Luxury_Cruise_Ship	1
idiot	ADJ	1	02x06_-_The_Fearsome_Luxury_Cruise_Ship	1
impatient	ADJ	2	02x06_-_The_Fearsome_Luxury_Cruise_Ship	1
important	ADJ	5	02x06_-_The_Fearsome_Luxury_Cruise_Ship	1
jealous	ADJ	2	02x06_-_The_Fearsome_Luxury_Cruise_Ship	1
late	ADJ	11	02x06_-_The_Fearsome_Luxury_Cruise_Ship	1
little	ADJ	10	02x06_-_The_Fearsome_Luxury_Cruise_Ship	1
local	ADJ	5	02x06_-_The_Fearsome_Luxury_Cruise_Ship	1
lonely	ADJ	4	02x06_-_The_Fearsome_Luxury_Cruise_Ship	1
lonesome	ADJ	2	02x06_-_The_Fearsome_Luxury_Cruise_Ship	1
low	ADJ	16	02x06_-_The_Fearsome_Luxury_Cruise_Ship	2
lucky	ADJ	3	02x06_-_The_Fearsome_Luxury_Cruise_Ship	1
mad	ADJ	4	02x06_-_The_Fearsome_Luxury_Cruise_Ship	2
married	ADJ	5	02x06_-_The_Fearsome_Luxury_Cruise_Ship	1
mental	ADJ	5	02x06_-_The_Fearsome_Luxury_Cruise_Ship	1
nervous	ADJ	5	02x06_-_The_Fearsome_Luxury_Cruise_Ship	1
new	ADJ	12	02x06_-_The_Fearsome_Luxury_Cruise_Ship	2
normal	ADJ	5	02x06_-_The_Fearsome_Luxury_Cruise_Ship	2
numerous	ADJ	1	02x06_-_The_Fearsome_Luxury_Cruise_Ship	2
optimal	ADJ	1	02x06_-_The_Fearsome_Luxury_Cruise_Ship	1
original	ADJ	6	02x06_-_The_Fearsome_Luxury_Cruise_Ship	1
overwhelming	ADJ	6	02x06_-_The_Fearsome_Luxury_Cruise_Ship	1
particular	ADJ	9	02x06_-_The_Fearsome_Luxury_Cruise_Ship	1
perfect	ADJ	5	02x06_-_The_Fearsome_Luxury_Cruise_Ship	1
popular	ADJ	4	02x06_-_The_Fearsome_Luxury_Cruise_Ship	2
precious	ADJ	5	02x06_-_The_Fearsome_Luxury_Cruise_Ship	1
private	ADJ	5	02x06_-_The_Fearsome_Luxury_Cruise_Ship	1
psychotic	ADJ	2	02x06_-_The_Fearsome_Luxury_Cruise_Ship	1
public	ADJ	4	02x06_-_The_Fearsome_Luxury_Cruise_Ship	1
right	ADJ	36	02x06_-_The_Fearsome_Luxury_Cruise_Ship	3
sad	ADJ	3	02x06_-_The_Fearsome_Luxury_Cruise_Ship	1
second	ADJ	15	02x06_-_The_Fearsome_Luxury_Cruise_Ship	2
single	ADJ	10	02x06_-_The_Fearsome_Luxury_Cruise_Ship	1
skilled	ADJ	1	02x06_-_The_Fearsome_Luxury_Cruise_Ship	2
sorry	ADJ	4	02x06_-_The_Fearsome_Luxury_Cruise_Ship	5
squid	ADJ	2	02x06_-_The_Fearsome_Luxury_Cruise_Ship	1
stern	ADJ	7	02x06_-_The_Fearsome_Luxury_Cruise_Ship	1
strong	ADJ	10	02x06_-_The_Fearsome_Luxury_Cruise_Ship	1
sure	ADJ	10	02x06_-_The_Fearsome_Luxury_Cruise_Ship	4
suspicious	ADJ	2	02x06_-_The_Fearsome_Luxury_Cruise_Ship	1
unfair	ADJ	1	02x06_-_The_Fearsome_Luxury_Cruise_Ship	1
unnecessary	ADJ	1	02x06_-_The_Fearsome_Luxury_Cruise_Ship	3
unstable	ADJ	6	02x06_-_The_Fearsome_Luxury_Cruise_Ship	1
wooden	ADJ	2	02x06_-_The_Fearsome_Luxury_Cruise_Ship	1
wrong	ADJ	13	02x06_-_The_Fearsome_Luxury_Cruise_Ship	1
able	ADJ	4	02x07_-_Who_Is_This_Mission_For_	2
afraid	ADJ	4	02x07_-_Who_Is_This_Mission_For_	1
amazing	ADJ	4	02x07_-_Who_Is_This_Mission_For_	3
angry	ADJ	3	02x07_-_Who_Is_This_Mission_For_	1
asleep	ADJ	5	02x07_-_Who_Is_This_Mission_For_	1
big	ADJ	17	02x07_-_Who_Is_This_Mission_For_	2
black	ADJ	22	02x07_-_Who_Is_This_Mission_For_	1
blind	ADJ	10	02x07_-_Who_Is_This_Mission_For_	1
busy	ADJ	6	02x07_-_Who_Is_This_Mission_For_	2
calm	ADJ	8	02x07_-_Who_Is_This_Mission_For_	2
careful	ADJ	5	02x07_-_Who_Is_This_Mission_For_	1
cheerful	ADJ	2	02x07_-_Who_Is_This_Mission_For_	1
clear	ADJ	45	02x07_-_Who_Is_This_Mission_For_	1
close	ADJ	37	02x07_-_Who_Is_This_Mission_For_	3
cool	ADJ	11	02x07_-_Who_Is_This_Mission_For_	1
crazy	ADJ	6	02x07_-_Who_Is_This_Mission_For_	2
cute	ADJ	2	02x07_-_Who_Is_This_Mission_For_	1
different	ADJ	5	02x07_-_Who_Is_This_Mission_For_	1
difficult	ADJ	2	02x07_-_Who_Is_This_Mission_For_	3
dummy	ADJ	6	02x07_-_Who_Is_This_Mission_For_	1
evil	ADJ	6	02x07_-_Who_Is_This_Mission_For_	1
exciting	ADJ	10	02x07_-_Who_Is_This_Mission_For_	3
fatal	ADJ	4	02x07_-_Who_Is_This_Mission_For_	1
female	ADJ	5	02x07_-_Who_Is_This_Mission_For_	1
fit	ADJ	16	02x07_-_Who_Is_This_Mission_For_	1
flashy	ADJ	2	02x07_-_Who_Is_This_Mission_For_	1
flawless	ADJ	1	02x07_-_Who_Is_This_Mission_For_	1
fun	ADJ	4	02x07_-_Who_Is_This_Mission_For_	1
glad	ADJ	5	02x07_-_Who_Is_This_Mission_For_	3
good	ADJ	27	02x07_-_Who_Is_This_Mission_For_	3
happy	ADJ	4	02x07_-_Who_Is_This_Mission_For_	1
hard	ADJ	22	02x07_-_Who_Is_This_Mission_For_	2
headed	ADJ	13	02x07_-_Who_Is_This_Mission_For_	1
heroic	ADJ	6	02x07_-_Who_Is_This_Mission_For_	1
hopeless	ADJ	4	02x07_-_Who_Is_This_Mission_For_	1
huge	ADJ	1	02x07_-_Who_Is_This_Mission_For_	2
important	ADJ	5	02x07_-_Who_Is_This_Mission_For_	1
intermediate	ADJ	4	02x07_-_Who_Is_This_Mission_For_	1
invisible	ADJ	2	02x07_-_Who_Is_This_Mission_For_	1
likely	ADJ	5	02x07_-_Who_Is_This_Mission_For_	1
little	ADJ	10	02x07_-_Who_Is_This_Mission_For_	3
lonely	ADJ	4	02x07_-_Who_Is_This_Mission_For_	1
loud	ADJ	4	02x07_-_Who_Is_This_Mission_For_	1
main	ADJ	5	02x07_-_Who_Is_This_Mission_For_	1
new	ADJ	12	02x07_-_Who_Is_This_Mission_For_	3
nice	ADJ	6	02x07_-_Who_Is_This_Mission_For_	1
normal	ADJ	5	02x07_-_Who_Is_This_Mission_For_	1
obedient	ADJ	1	02x07_-_Who_Is_This_Mission_For_	1
okay	ADJ	4	02x07_-_Who_Is_This_Mission_For_	2
old	ADJ	9	02x07_-_Who_Is_This_Mission_For_	1
open	ADJ	36	02x07_-_Who_Is_This_Mission_For_	1
original	ADJ	6	02x07_-_Who_Is_This_Mission_For_	1
overconfident	ADJ	1	02x07_-_Who_Is_This_Mission_For_	1
pathetic	ADJ	3	02x07_-_Who_Is_This_Mission_For_	1
perfect	ADJ	5	02x07_-_Who_Is_This_Mission_For_	1
pet	ADJ	7	02x07_-_Who_Is_This_Mission_For_	1
possible	ADJ	4	02x07_-_Who_Is_This_Mission_For_	1
pro	ADJ	4	02x07_-_Who_Is_This_Mission_For_	1
quiet	ADJ	13	02x07_-_Who_Is_This_Mission_For_	1
ready	ADJ	8	02x07_-_Who_Is_This_Mission_For_	1
rebellious	ADJ	3	02x07_-_Who_Is_This_Mission_For_	1
right	ADJ	36	02x07_-_Who_Is_This_Mission_For_	4
satisfied	ADJ	5	02x07_-_Who_Is_This_Mission_For_	1
scared	ADJ	4	02x07_-_Who_Is_This_Mission_For_	1
scary	ADJ	1	02x07_-_Who_Is_This_Mission_For_	3
second	ADJ	15	02x07_-_Who_Is_This_Mission_For_	2
secret	ADJ	14	02x07_-_Who_Is_This_Mission_For_	1
skilled	ADJ	1	02x07_-_Who_Is_This_Mission_For_	1
sorry	ADJ	4	02x07_-_Who_Is_This_Mission_For_	1
successful	ADJ	1	02x07_-_Who_Is_This_Mission_For_	1
sure	ADJ	10	02x07_-_Who_Is_This_Mission_For_	2
suspicious	ADJ	2	02x07_-_Who_Is_This_Mission_For_	1
troubling	ADJ	6	02x07_-_Who_Is_This_Mission_For_	1
unable	ADJ	3	02x07_-_Who_Is_This_Mission_For_	1
uncool	ADJ	1	02x07_-_Who_Is_This_Mission_For_	2
underground	ADJ	6	02x07_-_Who_Is_This_Mission_For_	1
unidentified	ADJ	2	02x07_-_Who_Is_This_Mission_For_	1
unknown	ADJ	8	02x07_-_Who_Is_This_Mission_For_	4
upset	ADJ	17	02x07_-_Who_Is_This_Mission_For_	1
useless	ADJ	1	02x07_-_Who_Is_This_Mission_For_	1
wrong	ADJ	13	02x07_-_Who_Is_This_Mission_For_	1
yor	ADJ	0	02x07_-_Who_Is_This_Mission_For_	1
young	ADJ	14	02x07_-_Who_Is_This_Mission_For_	1
able	ADJ	4	02x08_-_The_Symphony_Upon_the_Ship-Sis_s_Herb_Tea	4
bad	ADJ	17	02x08_-_The_Symphony_Upon_the_Ship-Sis_s_Herb_Tea	2
big	ADJ	17	02x08_-_The_Symphony_Upon_the_Ship-Sis_s_Herb_Tea	2
black	ADJ	22	02x08_-_The_Symphony_Upon_the_Ship-Sis_s_Herb_Tea	1
blind	ADJ	10	02x08_-_The_Symphony_Upon_the_Ship-Sis_s_Herb_Tea	1
bored	ADJ	4	02x08_-_The_Symphony_Upon_the_Ship-Sis_s_Herb_Tea	1
busy	ADJ	6	02x08_-_The_Symphony_Upon_the_Ship-Sis_s_Herb_Tea	1
carefree	ADJ	2	02x08_-_The_Symphony_Upon_the_Ship-Sis_s_Herb_Tea	1
clean	ADJ	31	02x08_-_The_Symphony_Upon_the_Ship-Sis_s_Herb_Tea	1
climactic	ADJ	1	02x08_-_The_Symphony_Upon_the_Ship-Sis_s_Herb_Tea	1
cold	ADJ	16	02x08_-_The_Symphony_Upon_the_Ship-Sis_s_Herb_Tea	3
crowded	ADJ	5	02x08_-_The_Symphony_Upon_the_Ship-Sis_s_Herb_Tea	1
dazzling	ADJ	4	02x08_-_The_Symphony_Upon_the_Ship-Sis_s_Herb_Tea	1
different	ADJ	5	02x08_-_The_Symphony_Upon_the_Ship-Sis_s_Herb_Tea	1
disgusting	ADJ	3	02x08_-_The_Symphony_Upon_the_Ship-Sis_s_Herb_Tea	1
dry	ADJ	19	02x08_-_The_Symphony_Upon_the_Ship-Sis_s_Herb_Tea	2
easy	ADJ	15	02x08_-_The_Symphony_Upon_the_Ship-Sis_s_Herb_Tea	1
entertaining	ADJ	4	02x08_-_The_Symphony_Upon_the_Ship-Sis_s_Herb_Tea	1
famous	ADJ	1	02x08_-_The_Symphony_Upon_the_Ship-Sis_s_Herb_Tea	1
fashioned	ADJ	2	02x08_-_The_Symphony_Upon_the_Ship-Sis_s_Herb_Tea	1
fine	ADJ	10	02x08_-_The_Symphony_Upon_the_Ship-Sis_s_Herb_Tea	1
foreign	ADJ	4	02x08_-_The_Symphony_Upon_the_Ship-Sis_s_Herb_Tea	1
glad	ADJ	5	02x08_-_The_Symphony_Upon_the_Ship-Sis_s_Herb_Tea	4
good	ADJ	27	02x08_-_The_Symphony_Upon_the_Ship-Sis_s_Herb_Tea	5
green	ADJ	14	02x08_-_The_Symphony_Upon_the_Ship-Sis_s_Herb_Tea	1
grueling	ADJ	1	02x08_-_The_Symphony_Upon_the_Ship-Sis_s_Herb_Tea	1
haired	ADJ	1	02x08_-_The_Symphony_Upon_the_Ship-Sis_s_Herb_Tea	1
happy	ADJ	4	02x08_-_The_Symphony_Upon_the_Ship-Sis_s_Herb_Tea	1
healthy	ADJ	5	02x08_-_The_Symphony_Upon_the_Ship-Sis_s_Herb_Tea	1
heavy	ADJ	30	02x08_-_The_Symphony_Upon_the_Ship-Sis_s_Herb_Tea	1
herbal	ADJ	2	02x08_-_The_Symphony_Upon_the_Ship-Sis_s_Herb_Tea	3
horrible	ADJ	1	02x08_-_The_Symphony_Upon_the_Ship-Sis_s_Herb_Tea	2
idiot	ADJ	1	02x08_-_The_Symphony_Upon_the_Ship-Sis_s_Herb_Tea	1
inflatable	ADJ	1	02x08_-_The_Symphony_Upon_the_Ship-Sis_s_Herb_Tea	1
insane	ADJ	2	02x08_-_The_Symphony_Upon_the_Ship-Sis_s_Herb_Tea	1
kind	ADJ	4	02x08_-_The_Symphony_Upon_the_Ship-Sis_s_Herb_Tea	1
late	ADJ	11	02x08_-_The_Symphony_Upon_the_Ship-Sis_s_Herb_Tea	1
likely	ADJ	5	02x08_-_The_Symphony_Upon_the_Ship-Sis_s_Herb_Tea	1
little	ADJ	10	02x08_-_The_Symphony_Upon_the_Ship-Sis_s_Herb_Tea	3
loud	ADJ	4	02x08_-_The_Symphony_Upon_the_Ship-Sis_s_Herb_Tea	2
mad	ADJ	4	02x08_-_The_Symphony_Upon_the_Ship-Sis_s_Herb_Tea	1
memorable	ADJ	1	02x08_-_The_Symphony_Upon_the_Ship-Sis_s_Herb_Tea	1
natural	ADJ	13	02x08_-_The_Symphony_Upon_the_Ship-Sis_s_Herb_Tea	1
okay	ADJ	4	02x08_-_The_Symphony_Upon_the_Ship-Sis_s_Herb_Tea	5
old	ADJ	9	02x08_-_The_Symphony_Upon_the_Ship-Sis_s_Herb_Tea	2
original	ADJ	6	02x08_-_The_Symphony_Upon_the_Ship-Sis_s_Herb_Tea	1
poisonous	ADJ	3	02x08_-_The_Symphony_Upon_the_Ship-Sis_s_Herb_Tea	1
popular	ADJ	4	02x08_-_The_Symphony_Upon_the_Ship-Sis_s_Herb_Tea	1
possible	ADJ	4	02x08_-_The_Symphony_Upon_the_Ship-Sis_s_Herb_Tea	2
pretty	ADJ	3	02x08_-_The_Symphony_Upon_the_Ship-Sis_s_Herb_Tea	1
proud	ADJ	2	02x08_-_The_Symphony_Upon_the_Ship-Sis_s_Herb_Tea	1
quiet	ADJ	13	02x08_-_The_Symphony_Upon_the_Ship-Sis_s_Herb_Tea	1
reckless	ADJ	2	02x08_-_The_Symphony_Upon_the_Ship-Sis_s_Herb_Tea	1
red	ADJ	7	02x08_-_The_Symphony_Upon_the_Ship-Sis_s_Herb_Tea	1
rich	ADJ	13	02x08_-_The_Symphony_Upon_the_Ship-Sis_s_Herb_Tea	1
rid	ADJ	1	02x08_-_The_Symphony_Upon_the_Ship-Sis_s_Herb_Tea	2
right	ADJ	36	02x08_-_The_Symphony_Upon_the_Ship-Sis_s_Herb_Tea	4
satisfied	ADJ	5	02x08_-_The_Symphony_Upon_the_Ship-Sis_s_Herb_Tea	1
scared	ADJ	4	02x08_-_The_Symphony_Upon_the_Ship-Sis_s_Herb_Tea	1
secluded	ADJ	3	02x08_-_The_Symphony_Upon_the_Ship-Sis_s_Herb_Tea	1
sick	ADJ	9	02x08_-_The_Symphony_Upon_the_Ship-Sis_s_Herb_Tea	1
similar	ADJ	5	02x08_-_The_Symphony_Upon_the_Ship-Sis_s_Herb_Tea	1
skilled	ADJ	1	02x08_-_The_Symphony_Upon_the_Ship-Sis_s_Herb_Tea	1
sorry	ADJ	4	02x08_-_The_Symphony_Upon_the_Ship-Sis_s_Herb_Tea	4
startling	ADJ	3	02x08_-_The_Symphony_Upon_the_Ship-Sis_s_Herb_Tea	1
strange	ADJ	3	02x08_-_The_Symphony_Upon_the_Ship-Sis_s_Herb_Tea	1
strong	ADJ	10	02x08_-_The_Symphony_Upon_the_Ship-Sis_s_Herb_Tea	3
sturdy	ADJ	3	02x08_-_The_Symphony_Upon_the_Ship-Sis_s_Herb_Tea	1
sudden	ADJ	1	02x08_-_The_Symphony_Upon_the_Ship-Sis_s_Herb_Tea	1
sure	ADJ	10	02x08_-_The_Symphony_Upon_the_Ship-Sis_s_Herb_Tea	1
suspicious	ADJ	2	02x08_-_The_Symphony_Upon_the_Ship-Sis_s_Herb_Tea	1
tired	ADJ	6	02x08_-_The_Symphony_Upon_the_Ship-Sis_s_Herb_Tea	1
unexpected	ADJ	1	02x08_-_The_Symphony_Upon_the_Ship-Sis_s_Herb_Tea	1
unfamiliar	ADJ	1	02x08_-_The_Symphony_Upon_the_Ship-Sis_s_Herb_Tea	1
unnecessary	ADJ	1	02x08_-_The_Symphony_Upon_the_Ship-Sis_s_Herb_Tea	1
unwarranted	ADJ	3	02x08_-_The_Symphony_Upon_the_Ship-Sis_s_Herb_Tea	1
well	ADJ	22	02x08_-_The_Symphony_Upon_the_Ship-Sis_s_Herb_Tea	2
young	ADJ	14	02x08_-_The_Symphony_Upon_the_Ship-Sis_s_Herb_Tea	1
able	ADJ	4	02x09_-_The_Hand_That_Connects_to_the_Future	1
alive	ADJ	7	02x09_-_The_Hand_That_Connects_to_the_Future	1
amazing	ADJ	4	02x09_-_The_Hand_That_Connects_to_the_Future	2
asleep	ADJ	5	02x09_-_The_Hand_That_Connects_to_the_Future	1
available	ADJ	3	02x09_-_The_Hand_That_Connects_to_the_Future	1
bad	ADJ	17	02x09_-_The_Hand_That_Connects_to_the_Future	4
beautiful	ADJ	2	02x09_-_The_Hand_That_Connects_to_the_Future	1
big	ADJ	17	02x09_-_The_Hand_That_Connects_to_the_Future	1
busy	ADJ	6	02x09_-_The_Hand_That_Connects_to_the_Future	1
carefree	ADJ	2	02x09_-_The_Hand_That_Connects_to_the_Future	1
careful	ADJ	5	02x09_-_The_Hand_That_Connects_to_the_Future	1
close	ADJ	37	02x09_-_The_Hand_That_Connects_to_the_Future	2
common	ADJ	10	02x09_-_The_Hand_That_Connects_to_the_Future	1
convenient	ADJ	2	02x09_-_The_Hand_That_Connects_to_the_Future	1
cool	ADJ	11	02x09_-_The_Hand_That_Connects_to_the_Future	1
crazy	ADJ	6	02x09_-_The_Hand_That_Connects_to_the_Future	1
crowded	ADJ	5	02x09_-_The_Hand_That_Connects_to_the_Future	1
darn	ADJ	3	02x09_-_The_Hand_That_Connects_to_the_Future	1
deadly	ADJ	8	02x09_-_The_Hand_That_Connects_to_the_Future	1
dirty	ADJ	13	02x09_-_The_Hand_That_Connects_to_the_Future	3
eastern	ADJ	5	02x09_-_The_Hand_That_Connects_to_the_Future	1
easy	ADJ	15	02x09_-_The_Hand_That_Connects_to_the_Future	1
entire	ADJ	5	02x09_-_The_Hand_That_Connects_to_the_Future	2
exciting	ADJ	10	02x09_-_The_Hand_That_Connects_to_the_Future	1
farewell	ADJ	2	02x09_-_The_Hand_That_Connects_to_the_Future	1
fullest	ADJ	8	02x09_-_The_Hand_That_Connects_to_the_Future	1
glad	ADJ	5	02x09_-_The_Hand_That_Connects_to_the_Future	1
good	ADJ	27	02x09_-_The_Hand_That_Connects_to_the_Future	5
grand	ADJ	10	02x09_-_The_Hand_That_Connects_to_the_Future	2
great	ADJ	7	02x09_-_The_Hand_That_Connects_to_the_Future	2
happy	ADJ	4	02x09_-_The_Hand_That_Connects_to_the_Future	1
hey	ADJ	0	02x09_-_The_Hand_That_Connects_to_the_Future	1
impossible	ADJ	4	02x09_-_The_Hand_That_Connects_to_the_Future	2
late	ADJ	11	02x09_-_The_Hand_That_Connects_to_the_Future	1
little	ADJ	10	02x09_-_The_Hand_That_Connects_to_the_Future	2
low	ADJ	16	02x09_-_The_Hand_That_Connects_to_the_Future	1
mad	ADJ	4	02x09_-_The_Hand_That_Connects_to_the_Future	1
new	ADJ	12	02x09_-_The_Hand_That_Connects_to_the_Future	2
old	ADJ	9	02x09_-_The_Hand_That_Connects_to_the_Future	1
original	ADJ	6	02x09_-_The_Hand_That_Connects_to_the_Future	1
peaceful	ADJ	2	02x09_-_The_Hand_That_Connects_to_the_Future	1
possible	ADJ	4	02x09_-_The_Hand_That_Connects_to_the_Future	2
right	ADJ	36	02x09_-_The_Hand_That_Connects_to_the_Future	2
risky	ADJ	2	02x09_-_The_Hand_That_Connects_to_the_Future	1
safe	ADJ	7	02x09_-_The_Hand_That_Connects_to_the_Future	1
scary	ADJ	1	02x09_-_The_Hand_That_Connects_to_the_Future	1
second	ADJ	15	02x09_-_The_Hand_That_Connects_to_the_Future	1
secret	ADJ	14	02x09_-_The_Hand_That_Connects_to_the_Future	1
sentimental	ADJ	2	02x09_-_The_Hand_That_Connects_to_the_Future	1
simple	ADJ	9	02x09_-_The_Hand_That_Connects_to_the_Future	1
sorry	ADJ	4	02x09_-_The_Hand_That_Connects_to_the_Future	4
sticky	ADJ	5	02x09_-_The_Hand_That_Connects_to_the_Future	1
straightforward	ADJ	4	02x09_-_The_Hand_That_Connects_to_the_Future	1
strange	ADJ	3	02x09_-_The_Hand_That_Connects_to_the_Future	1
sure	ADJ	10	02x09_-_The_Hand_That_Connects_to_the_Future	5
suspicious	ADJ	2	02x09_-_The_Hand_That_Connects_to_the_Future	1
thorough	ADJ	2	02x09_-_The_Hand_That_Connects_to_the_Future	1
tired	ADJ	6	02x09_-_The_Hand_That_Connects_to_the_Future	3
uncool	ADJ	1	02x09_-_The_Hand_That_Connects_to_the_Future	1
upper	ADJ	6	02x09_-_The_Hand_That_Connects_to_the_Future	3
warm	ADJ	13	02x09_-_The_Hand_That_Connects_to_the_Future	1
western	ADJ	6	02x09_-_The_Hand_That_Connects_to_the_Future	3
worth	ADJ	5	02x09_-_The_Hand_That_Connects_to_the_Future	1
young	ADJ	14	02x09_-_The_Hand_That_Connects_to_the_Future	2
amazing	ADJ	4	02x10_-_Enjoy_the_Resort_to_the_Fullest-Bragging_About_Vacation	2
awful	ADJ	7	02x10_-_Enjoy_the_Resort_to_the_Fullest-Bragging_About_Vacation	1
bad	ADJ	17	02x10_-_Enjoy_the_Resort_to_the_Fullest-Bragging_About_Vacation	2
beautiful	ADJ	2	02x10_-_Enjoy_the_Resort_to_the_Fullest-Bragging_About_Vacation	1
big	ADJ	17	02x10_-_Enjoy_the_Resort_to_the_Fullest-Bragging_About_Vacation	3
bold	ADJ	4	02x10_-_Enjoy_the_Resort_to_the_Fullest-Bragging_About_Vacation	1
careless	ADJ	3	02x10_-_Enjoy_the_Resort_to_the_Fullest-Bragging_About_Vacation	1
clever	ADJ	3	02x10_-_Enjoy_the_Resort_to_the_Fullest-Bragging_About_Vacation	1
clumsy	ADJ	4	02x10_-_Enjoy_the_Resort_to_the_Fullest-Bragging_About_Vacation	1
complicated	ADJ	3	02x10_-_Enjoy_the_Resort_to_the_Fullest-Bragging_About_Vacation	1
convincing	ADJ	2	02x10_-_Enjoy_the_Resort_to_the_Fullest-Bragging_About_Vacation	2
cool	ADJ	11	02x10_-_Enjoy_the_Resort_to_the_Fullest-Bragging_About_Vacation	1
current	ADJ	4	02x10_-_Enjoy_the_Resort_to_the_Fullest-Bragging_About_Vacation	1
dangerous	ADJ	2	02x10_-_Enjoy_the_Resort_to_the_Fullest-Bragging_About_Vacation	2
delicious	ADJ	3	02x10_-_Enjoy_the_Resort_to_the_Fullest-Bragging_About_Vacation	1
different	ADJ	5	02x10_-_Enjoy_the_Resort_to_the_Fullest-Bragging_About_Vacation	1
embarrassed	ADJ	4	02x10_-_Enjoy_the_Resort_to_the_Fullest-Bragging_About_Vacation	1
excited	ADJ	12	02x10_-_Enjoy_the_Resort_to_the_Fullest-Bragging_About_Vacation	1
exhausting	ADJ	7	02x10_-_Enjoy_the_Resort_to_the_Fullest-Bragging_About_Vacation	2
extremist	ADJ	2	02x10_-_Enjoy_the_Resort_to_the_Fullest-Bragging_About_Vacation	1
fake	ADJ	8	02x10_-_Enjoy_the_Resort_to_the_Fullest-Bragging_About_Vacation	1
foreign	ADJ	4	02x10_-_Enjoy_the_Resort_to_the_Fullest-Bragging_About_Vacation	2
fun	ADJ	4	02x10_-_Enjoy_the_Resort_to_the_Fullest-Bragging_About_Vacation	1
glad	ADJ	5	02x10_-_Enjoy_the_Resort_to_the_Fullest-Bragging_About_Vacation	1
good	ADJ	27	02x10_-_Enjoy_the_Resort_to_the_Fullest-Bragging_About_Vacation	6
happy	ADJ	4	02x10_-_Enjoy_the_Resort_to_the_Fullest-Bragging_About_Vacation	2
hard	ADJ	22	02x10_-_Enjoy_the_Resort_to_the_Fullest-Bragging_About_Vacation	1
hey	ADJ	0	02x10_-_Enjoy_the_Resort_to_the_Fullest-Bragging_About_Vacation	1
ideal	ADJ	5	02x10_-_Enjoy_the_Resort_to_the_Fullest-Bragging_About_Vacation	1
impressive	ADJ	2	02x10_-_Enjoy_the_Resort_to_the_Fullest-Bragging_About_Vacation	1
la	ADJ	3	02x10_-_Enjoy_the_Resort_to_the_Fullest-Bragging_About_Vacation	1
large	ADJ	11	02x10_-_Enjoy_the_Resort_to_the_Fullest-Bragging_About_Vacation	1
legendary	ADJ	2	02x10_-_Enjoy_the_Resort_to_the_Fullest-Bragging_About_Vacation	1
little	ADJ	10	02x10_-_Enjoy_the_Resort_to_the_Fullest-Bragging_About_Vacation	4
long	ADJ	12	02x10_-_Enjoy_the_Resort_to_the_Fullest-Bragging_About_Vacation	2
loud	ADJ	4	02x10_-_Enjoy_the_Resort_to_the_Fullest-Bragging_About_Vacation	1
lovely	ADJ	3	02x10_-_Enjoy_the_Resort_to_the_Fullest-Bragging_About_Vacation	2
lucky	ADJ	3	02x10_-_Enjoy_the_Resort_to_the_Fullest-Bragging_About_Vacation	2
new	ADJ	12	02x10_-_Enjoy_the_Resort_to_the_Fullest-Bragging_About_Vacation	1
nice	ADJ	6	02x10_-_Enjoy_the_Resort_to_the_Fullest-Bragging_About_Vacation	1
numerous	ADJ	1	02x10_-_Enjoy_the_Resort_to_the_Fullest-Bragging_About_Vacation	1
okay	ADJ	4	02x10_-_Enjoy_the_Resort_to_the_Fullest-Bragging_About_Vacation	1
old	ADJ	9	02x10_-_Enjoy_the_Resort_to_the_Fullest-Bragging_About_Vacation	1
ordinary	ADJ	7	02x10_-_Enjoy_the_Resort_to_the_Fullest-Bragging_About_Vacation	2
original	ADJ	6	02x10_-_Enjoy_the_Resort_to_the_Fullest-Bragging_About_Vacation	1
peaceful	ADJ	2	02x10_-_Enjoy_the_Resort_to_the_Fullest-Bragging_About_Vacation	1
possible	ADJ	4	02x10_-_Enjoy_the_Resort_to_the_Fullest-Bragging_About_Vacation	2
public	ADJ	4	02x10_-_Enjoy_the_Resort_to_the_Fullest-Bragging_About_Vacation	1
ready	ADJ	8	02x10_-_Enjoy_the_Resort_to_the_Fullest-Bragging_About_Vacation	1
remarkable	ADJ	2	02x10_-_Enjoy_the_Resort_to_the_Fullest-Bragging_About_Vacation	1
right	ADJ	36	02x10_-_Enjoy_the_Resort_to_the_Fullest-Bragging_About_Vacation	7
satisfied	ADJ	5	02x10_-_Enjoy_the_Resort_to_the_Fullest-Bragging_About_Vacation	1
secret	ADJ	14	02x10_-_Enjoy_the_Resort_to_the_Fullest-Bragging_About_Vacation	2
simple	ADJ	9	02x10_-_Enjoy_the_Resort_to_the_Fullest-Bragging_About_Vacation	1
skilled	ADJ	1	02x10_-_Enjoy_the_Resort_to_the_Fullest-Bragging_About_Vacation	1
sleepy	ADJ	1	02x10_-_Enjoy_the_Resort_to_the_Fullest-Bragging_About_Vacation	2
sorry	ADJ	4	02x10_-_Enjoy_the_Resort_to_the_Fullest-Bragging_About_Vacation	2
suspicious	ADJ	2	02x10_-_Enjoy_the_Resort_to_the_Fullest-Bragging_About_Vacation	1
swollen	ADJ	7	02x10_-_Enjoy_the_Resort_to_the_Fullest-Bragging_About_Vacation	1
tame	ADJ	9	02x10_-_Enjoy_the_Resort_to_the_Fullest-Bragging_About_Vacation	1
threatening	ADJ	5	02x10_-_Enjoy_the_Resort_to_the_Fullest-Bragging_About_Vacation	1
thrilling	ADJ	6	02x10_-_Enjoy_the_Resort_to_the_Fullest-Bragging_About_Vacation	1
tired	ADJ	6	02x10_-_Enjoy_the_Resort_to_the_Fullest-Bragging_About_Vacation	2
tra	ADJ	0	02x10_-_Enjoy_the_Resort_to_the_Fullest-Bragging_About_Vacation	1
true	ADJ	15	02x10_-_Enjoy_the_Resort_to_the_Fullest-Bragging_About_Vacation	2
unfair	ADJ	1	02x10_-_Enjoy_the_Resort_to_the_Fullest-Bragging_About_Vacation	1
unfortunate	ADJ	4	02x10_-_Enjoy_the_Resort_to_the_Fullest-Bragging_About_Vacation	1
unknown	ADJ	8	02x10_-_Enjoy_the_Resort_to_the_Fullest-Bragging_About_Vacation	1
unnerving	ADJ	2	02x10_-_Enjoy_the_Resort_to_the_Fullest-Bragging_About_Vacation	1
well	ADJ	22	02x10_-_Enjoy_the_Resort_to_the_Fullest-Bragging_About_Vacation	1
worthy	ADJ	4	02x10_-_Enjoy_the_Resort_to_the_Fullest-Bragging_About_Vacation	1
wrong	ADJ	13	02x10_-_Enjoy_the_Resort_to_the_Fullest-Bragging_About_Vacation	1
able	ADJ	4	02x11_-_Berlint_in_Love-Nightfall_s_Daily_Life	1
acute	ADJ	7	02x11_-_Berlint_in_Love-Nightfall_s_Daily_Life	1
asleep	ADJ	5	02x11_-_Berlint_in_Love-Nightfall_s_Daily_Life	1
awake	ADJ	3	02x11_-_Berlint_in_Love-Nightfall_s_Daily_Life	1
aware	ADJ	2	02x11_-_Berlint_in_Love-Nightfall_s_Daily_Life	1
bad	ADJ	17	02x11_-_Berlint_in_Love-Nightfall_s_Daily_Life	2
big	ADJ	17	02x11_-_Berlint_in_Love-Nightfall_s_Daily_Life	1
broad	ADJ	9	02x11_-_Berlint_in_Love-Nightfall_s_Daily_Life	2
busy	ADJ	6	02x11_-_Berlint_in_Love-Nightfall_s_Daily_Life	1
certain	ADJ	7	02x11_-_Berlint_in_Love-Nightfall_s_Daily_Life	1
close	ADJ	37	02x11_-_Berlint_in_Love-Nightfall_s_Daily_Life	2
confident	ADJ	3	02x11_-_Berlint_in_Love-Nightfall_s_Daily_Life	1
countless	ADJ	1	02x11_-_Berlint_in_Love-Nightfall_s_Daily_Life	1
crazy	ADJ	6	02x11_-_Berlint_in_Love-Nightfall_s_Daily_Life	1
curious	ADJ	3	02x11_-_Berlint_in_Love-Nightfall_s_Daily_Life	2
current	ADJ	4	02x11_-_Berlint_in_Love-Nightfall_s_Daily_Life	1
cute	ADJ	2	02x11_-_Berlint_in_Love-Nightfall_s_Daily_Life	1
drunk	ADJ	9	02x11_-_Berlint_in_Love-Nightfall_s_Daily_Life	2
dull	ADJ	19	02x11_-_Berlint_in_Love-Nightfall_s_Daily_Life	1
easy	ADJ	15	02x11_-_Berlint_in_Love-Nightfall_s_Daily_Life	1
envious	ADJ	1	02x11_-_Berlint_in_Love-Nightfall_s_Daily_Life	1
experienced	ADJ	6	02x11_-_Berlint_in_Love-Nightfall_s_Daily_Life	1
famous	ADJ	1	02x11_-_Berlint_in_Love-Nightfall_s_Daily_Life	2
fine	ADJ	10	02x11_-_Berlint_in_Love-Nightfall_s_Daily_Life	1
formal	ADJ	8	02x11_-_Berlint_in_Love-Nightfall_s_Daily_Life	1
fun	ADJ	4	02x11_-_Berlint_in_Love-Nightfall_s_Daily_Life	1
future	ADJ	7	02x11_-_Berlint_in_Love-Nightfall_s_Daily_Life	1
glad	ADJ	5	02x11_-_Berlint_in_Love-Nightfall_s_Daily_Life	2
good	ADJ	27	02x11_-_Berlint_in_Love-Nightfall_s_Daily_Life	4
grand	ADJ	10	02x11_-_Berlint_in_Love-Nightfall_s_Daily_Life	1
great	ADJ	7	02x11_-_Berlint_in_Love-Nightfall_s_Daily_Life	2
happy	ADJ	4	02x11_-_Berlint_in_Love-Nightfall_s_Daily_Life	4
helpful	ADJ	1	02x11_-_Berlint_in_Love-Nightfall_s_Daily_Life	1
hot	ADJ	21	02x11_-_Berlint_in_Love-Nightfall_s_Daily_Life	1
ill	ADJ	9	02x11_-_Berlint_in_Love-Nightfall_s_Daily_Life	1
important	ADJ	5	02x11_-_Berlint_in_Love-Nightfall_s_Daily_Life	1
impressive	ADJ	2	02x11_-_Berlint_in_Love-Nightfall_s_Daily_Life	1
little	ADJ	10	02x11_-_Berlint_in_Love-Nightfall_s_Daily_Life	3
long	ADJ	12	02x11_-_Berlint_in_Love-Nightfall_s_Daily_Life	1
lovely	ADJ	3	02x11_-_Berlint_in_Love-Nightfall_s_Daily_Life	1
mad	ADJ	4	02x11_-_Berlint_in_Love-Nightfall_s_Daily_Life	1
major	ADJ	13	02x11_-_Berlint_in_Love-Nightfall_s_Daily_Life	1
minded	ADJ	8	02x11_-_Berlint_in_Love-Nightfall_s_Daily_Life	1
naive	ADJ	5	02x11_-_Berlint_in_Love-Nightfall_s_Daily_Life	1
nauseous	ADJ	2	02x11_-_Berlint_in_Love-Nightfall_s_Daily_Life	1
necessary	ADJ	3	02x11_-_Berlint_in_Love-Nightfall_s_Daily_Life	1
nice	ADJ	6	02x11_-_Berlint_in_Love-Nightfall_s_Daily_Life	2
okay	ADJ	4	02x11_-_Berlint_in_Love-Nightfall_s_Daily_Life	4
ordinary	ADJ	7	02x11_-_Berlint_in_Love-Nightfall_s_Daily_Life	2
original	ADJ	6	02x11_-_Berlint_in_Love-Nightfall_s_Daily_Life	1
particular	ADJ	9	02x11_-_Berlint_in_Love-Nightfall_s_Daily_Life	2
perfect	ADJ	5	02x11_-_Berlint_in_Love-Nightfall_s_Daily_Life	1
potential	ADJ	4	02x11_-_Berlint_in_Love-Nightfall_s_Daily_Life	1
professional	ADJ	8	02x11_-_Berlint_in_Love-Nightfall_s_Daily_Life	1
rich	ADJ	13	02x11_-_Berlint_in_Love-Nightfall_s_Daily_Life	1
right	ADJ	36	02x11_-_Berlint_in_Love-Nightfall_s_Daily_Life	6
rounded	ADJ	8	02x11_-_Berlint_in_Love-Nightfall_s_Daily_Life	1
safe	ADJ	7	02x11_-_Berlint_in_Love-Nightfall_s_Daily_Life	1
sexy	ADJ	2	02x11_-_Berlint_in_Love-Nightfall_s_Daily_Life	1
skilled	ADJ	1	02x11_-_Berlint_in_Love-Nightfall_s_Daily_Life	2
small	ADJ	13	02x11_-_Berlint_in_Love-Nightfall_s_Daily_Life	1
smiley	ADJ	1	02x11_-_Berlint_in_Love-Nightfall_s_Daily_Life	1
sorry	ADJ	4	02x11_-_Berlint_in_Love-Nightfall_s_Daily_Life	5
spacious	ADJ	2	02x11_-_Berlint_in_Love-Nightfall_s_Daily_Life	1
strong	ADJ	10	02x11_-_Berlint_in_Love-Nightfall_s_Daily_Life	8
sudden	ADJ	1	02x11_-_Berlint_in_Love-Nightfall_s_Daily_Life	1
suited	ADJ	6	02x11_-_Berlint_in_Love-Nightfall_s_Daily_Life	1
sure	ADJ	10	02x11_-_Berlint_in_Love-Nightfall_s_Daily_Life	4
tiresome	ADJ	1	02x11_-_Berlint_in_Love-Nightfall_s_Daily_Life	1
tough	ADJ	12	02x11_-_Berlint_in_Love-Nightfall_s_Daily_Life	1
trivial	ADJ	3	02x11_-_Berlint_in_Love-Nightfall_s_Daily_Life	1
true	ADJ	15	02x11_-_Berlint_in_Love-Nightfall_s_Daily_Life	1
unannounced	ADJ	1	02x11_-_Berlint_in_Love-Nightfall_s_Daily_Life	1
urgent	ADJ	1	02x11_-_Berlint_in_Love-Nightfall_s_Daily_Life	1
useful	ADJ	2	02x11_-_Berlint_in_Love-Nightfall_s_Daily_Life	2
useless	ADJ	1	02x11_-_Berlint_in_Love-Nightfall_s_Daily_Life	1
valuable	ADJ	3	02x11_-_Berlint_in_Love-Nightfall_s_Daily_Life	1
weak	ADJ	12	02x11_-_Berlint_in_Love-Nightfall_s_Daily_Life	2
willing	ADJ	6	02x11_-_Berlint_in_Love-Nightfall_s_Daily_Life	1
wise	ADJ	7	02x11_-_Berlint_in_Love-Nightfall_s_Daily_Life	1
womanly	ADJ	1	02x11_-_Berlint_in_Love-Nightfall_s_Daily_Life	1
worried	ADJ	8	02x11_-_Berlint_in_Love-Nightfall_s_Daily_Life	1
worth	ADJ	5	02x11_-_Berlint_in_Love-Nightfall_s_Daily_Life	1
worthless	ADJ	2	02x11_-_Berlint_in_Love-Nightfall_s_Daily_Life	1
wrong	ADJ	13	02x11_-_Berlint_in_Love-Nightfall_s_Daily_Life	2
yummy	ADJ	1	02x11_-_Berlint_in_Love-Nightfall_s_Daily_Life	1
able	ADJ	4	02x12_-_Part_of_the_Family	2
addictive	ADJ	1	02x12_-_Part_of_the_Family	1
alive	ADJ	7	02x12_-_Part_of_the_Family	1
amazing	ADJ	4	02x12_-_Part_of_the_Family	2
bad	ADJ	17	02x12_-_Part_of_the_Family	1
busy	ADJ	6	02x12_-_Part_of_the_Family	1
clean	ADJ	31	02x12_-_Part_of_the_Family	1
critical	ADJ	7	02x12_-_Part_of_the_Family	2
cute	ADJ	2	02x12_-_Part_of_the_Family	1
dangerous	ADJ	2	02x12_-_Part_of_the_Family	4
different	ADJ	5	02x12_-_Part_of_the_Family	3
difficult	ADJ	2	02x12_-_Part_of_the_Family	1
discrete	ADJ	1	02x12_-_Part_of_the_Family	1
enjoyable	ADJ	1	02x12_-_Part_of_the_Family	1
extra	ADJ	7	02x12_-_Part_of_the_Family	1
fake	ADJ	8	02x12_-_Part_of_the_Family	1
fierce	ADJ	4	02x12_-_Part_of_the_Family	1
fluffy	ADJ	1	02x12_-_Part_of_the_Family	1
gentle	ADJ	10	02x12_-_Part_of_the_Family	1
glad	ADJ	5	02x12_-_Part_of_the_Family	2
good	ADJ	27	02x12_-_Part_of_the_Family	9
great	ADJ	7	02x12_-_Part_of_the_Family	3
hard	ADJ	22	02x12_-_Part_of_the_Family	1
high	ADJ	18	02x12_-_Part_of_the_Family	1
hot	ADJ	21	02x12_-_Part_of_the_Family	1
huge	ADJ	1	02x12_-_Part_of_the_Family	1
hungry	ADJ	2	02x12_-_Part_of_the_Family	1
impressive	ADJ	2	02x12_-_Part_of_the_Family	2
innocent	ADJ	8	02x12_-_Part_of_the_Family	1
inside	ADJ	10	02x12_-_Part_of_the_Family	2
intelligent	ADJ	4	02x12_-_Part_of_the_Family	1
irrational	ADJ	3	02x12_-_Part_of_the_Family	1
jealous	ADJ	2	02x12_-_Part_of_the_Family	1
key	ADJ	21	02x12_-_Part_of_the_Family	1
little	ADJ	10	02x12_-_Part_of_the_Family	6
low	ADJ	16	02x12_-_Part_of_the_Family	2
military	ADJ	4	02x12_-_Part_of_the_Family	1
multiple	ADJ	2	02x12_-_Part_of_the_Family	1
nice	ADJ	6	02x12_-_Part_of_the_Family	1
normal	ADJ	5	02x12_-_Part_of_the_Family	1
original	ADJ	6	02x12_-_Part_of_the_Family	1
ostanian	ADJ	0	02x12_-_Part_of_the_Family	1
outside	ADJ	14	02x12_-_Part_of_the_Family	2
personal	ADJ	6	02x12_-_Part_of_the_Family	1
plastic	ADJ	5	02x12_-_Part_of_the_Family	1
popular	ADJ	4	02x12_-_Part_of_the_Family	1
preposterous	ADJ	1	02x12_-_Part_of_the_Family	1
psychic	ADJ	3	02x12_-_Part_of_the_Family	1
real	ADJ	13	02x12_-_Part_of_the_Family	2
reckless	ADJ	2	02x12_-_Part_of_the_Family	1
restless	ADJ	3	02x12_-_Part_of_the_Family	1
right	ADJ	36	02x12_-_Part_of_the_Family	2
sad	ADJ	3	02x12_-_Part_of_the_Family	1
safe	ADJ	7	02x12_-_Part_of_the_Family	1
scared	ADJ	4	02x12_-_Part_of_the_Family	1
serial	ADJ	6	02x12_-_Part_of_the_Family	1
shriveled	ADJ	5	02x12_-_Part_of_the_Family	1
sick	ADJ	9	02x12_-_Part_of_the_Family	2
simple	ADJ	9	02x12_-_Part_of_the_Family	2
skilled	ADJ	1	02x12_-_Part_of_the_Family	1
skinny	ADJ	5	02x12_-_Part_of_the_Family	1
sorry	ADJ	4	02x12_-_Part_of_the_Family	5
strange	ADJ	3	02x12_-_Part_of_the_Family	1
sudden	ADJ	1	02x12_-_Part_of_the_Family	1
super	ADJ	5	02x12_-_Part_of_the_Family	1
sure	ADJ	10	02x12_-_Part_of_the_Family	1
suspect	ADJ	6	02x12_-_Part_of_the_Family	1
thin	ADJ	13	02x12_-_Part_of_the_Family	2
tired	ADJ	6	02x12_-_Part_of_the_Family	1
tough	ADJ	12	02x12_-_Part_of_the_Family	1
true	ADJ	15	02x12_-_Part_of_the_Family	3
unfair	ADJ	1	02x12_-_Part_of_the_Family	1
useless	ADJ	1	02x12_-_Part_of_the_Family	1
weird	ADJ	3	02x12_-_Part_of_the_Family	1
wet	ADJ	9	02x12_-_Part_of_the_Family	4
wilted	ADJ	3	02x12_-_Part_of_the_Family	1
worth	ADJ	5	02x12_-_Part_of_the_Family	1
wrong	ADJ	13	02x12_-_Part_of_the_Family	2
